domain,last_attempted_at,result,cooldown_until
194crafthouse.com,2026-03-19T13:48:27+00:00,no_usable_contacts,2026-05-18T13:48:27.665115+00:00
3momsorganics.com,2026-03-17T05:07:13+00:00,no_usable_contacts,2026-05-16T05:07:13.988383+00:00
4505meats.com,2026-03-16T13:51:15+00:00,no_usable_contacts,2026-05-15T13:51:15.335817+00:00
abnativeplants.com,2026-03-15T04:21:36+00:00,no_usable_contacts,2026-05-14T04:21:36.094157+00:00
advancedclinicals.com,2026-03-17T05:06:34+00:00,no_usable_contacts,2026-05-16T05:06:34.307010+00:00
aeptom.com,2026-03-19T13:48:13+00:00,no_usable_contacts,2026-05-18T13:48:13.558507+00:00
agirlsgottaspa.com,2026-03-16T13:59:07+00:00,no_usable_contacts,2026-05-15T13:59:07.957122+00:00
aienergydrink.ai,2026-03-17T05:07:24+00:00,accepted_contacts,
akinz.com,2026-03-16T13:58:39+00:00,no_usable_contacts,2026-05-15T13:58:39.769797+00:00
alamaisondeprovence.com,2026-03-18T05:05:33+00:00,no_usable_contacts,2026-05-17T05:05:33.319811+00:00
alasaw.com,2026-03-16T13:51:22+00:00,no_usable_contacts,2026-05-15T13:51:22.125549+00:00
alexiaadmor.com,2026-03-19T05:10:09+00:00,no_usable_contacts,2026-05-18T05:10:09.784797+00:00
alphabidet.com,2026-03-18T05:04:59+00:00,no_usable_contacts,2026-05-17T05:04:59.178513+00:00
alterecofoods.com,2026-03-16T05:02:54+00:00,accepted_contacts,
amazifoods.com,2026-03-16T05:02:26+00:00,no_usable_contacts,2026-05-15T05:02:26.549861+00:00
ancestralsupplements.com,2026-03-20T05:03:06+00:00,accepted_contacts,
ancientolivetrees.com,2026-03-18T13:59:36+00:00,no_usable_contacts,2026-05-17T13:59:36.311791+00:00
ancientsmithy.com,2026-03-20T13:38:29+00:00,no_usable_contacts,2026-05-19T13:38:29.539229+00:00
andreschocolates.com,2026-03-15T04:22:16+00:00,accepted_contacts,
angelsalumi.com,2026-03-17T05:07:26+00:00,accepted_contacts,
anisabeauty.com,2026-03-18T05:05:05+00:00,no_usable_contacts,2026-05-17T05:05:05.513449+00:00
anurseinthemaking.com,2026-03-18T05:04:57+00:00,accepted_contacts,
apartmentno3.com,2026-03-16T13:51:51+00:00,no_usable_contacts,2026-05-15T13:51:51.764110+00:00
arbormade.co,2026-03-16T13:58:09+00:00,no_usable_contacts,2026-05-15T13:58:09.961120+00:00
arfpets.com,2026-03-17T05:06:15+00:00,no_usable_contacts,2026-05-16T05:06:15.565832+00:00
arrowgiftco.com,2026-03-19T05:09:27+00:00,no_usable_contacts,2026-05-18T05:09:27.589210+00:00
arteitalica.com,2026-03-16T13:58:08+00:00,no_usable_contacts,2026-05-15T13:58:08.348971+00:00
artisaire.com,2026-03-15T04:21:08+00:00,no_usable_contacts,2026-05-14T04:21:08.923964+00:00
artisans.coop,2026-03-18T14:00:00+00:00,no_usable_contacts,2026-05-17T14:00:00.203608+00:00
artiusman.com,2026-03-19T13:46:32+00:00,no_usable_contacts,2026-05-18T13:46:32.932040+00:00
artmexico.co.uk,2026-03-18T14:00:36+00:00,no_usable_contacts,2026-05-17T14:00:36.957603+00:00
atitlanleather.com,2026-03-18T05:05:36+00:00,no_usable_contacts,2026-05-17T05:05:36.485302+00:00
avidlove.com,2026-03-16T05:02:07+00:00,no_usable_contacts,2026-05-15T05:02:07.014814+00:00
babiators.com,2026-03-20T05:03:16+00:00,accepted_contacts,
bakerssecret.com,2026-03-19T05:10:32+00:00,no_usable_contacts,2026-05-18T05:10:32.111599+00:00
bananapatchstudio.com,2026-03-19T05:10:53+00:00,no_usable_contacts,2026-05-18T05:10:53.685174+00:00
bayviewprintingco.com,2026-03-18T13:59:33+00:00,no_usable_contacts,2026-05-17T13:59:33.270457+00:00
beadsbytara.com,2026-03-18T05:05:00+00:00,no_usable_contacts,2026-05-17T05:05:00.756529+00:00
bearmountainbbq.com,2026-03-15T04:21:24+00:00,no_usable_contacts,2026-05-14T04:21:24.712435+00:00
beautybakerie.com,2026-03-16T05:02:19+00:00,no_usable_contacts,2026-05-15T05:02:19.199825+00:00
becausetees.com,2026-03-15T04:22:38+00:00,no_usable_contacts,2026-05-14T04:22:38.089719+00:00
becomingjewelry.com,2026-03-18T13:58:35+00:00,no_usable_contacts,2026-05-17T13:58:35.008141+00:00
beebeewraps.com,2026-03-19T13:48:35+00:00,no_usable_contacts,2026-05-18T13:48:35.528867+00:00
beeinspiredgoods.com,2026-03-15T04:22:06+00:00,no_usable_contacts,2026-05-14T04:22:06.101607+00:00
beelitecandles.com,2026-03-17T05:05:40+00:00,no_usable_contacts,2026-05-16T05:05:40.157642+00:00
beerbong.com,2026-03-19T13:48:02+00:00,no_usable_contacts,2026-05-18T13:48:02.374272+00:00
beevive.com,2026-03-16T05:02:36+00:00,no_usable_contacts,2026-05-15T05:02:36.433510+00:00
belongdesigns.com,2026-03-18T14:00:35+00:00,no_usable_contacts,2026-05-17T14:00:35.545401+00:00
bequetconfections.com,2026-03-20T05:03:27+00:00,accepted_contacts,
bestiarumgames.com,2026-03-19T13:47:04+00:00,no_usable_contacts,2026-05-18T13:47:04.569505+00:00
better-notyounger.com,2026-03-15T04:22:50+00:00,no_usable_contacts,2026-05-14T04:22:50.593285+00:00
biggmans.com,2026-03-18T13:58:38+00:00,no_usable_contacts,2026-05-17T13:58:38.697985+00:00
bioandme.co.uk,2026-03-19T13:47:18+00:00,accepted_contacts,
bioschwartz.com,2026-03-19T13:47:32+00:00,no_usable_contacts,2026-05-18T13:47:32.936153+00:00
biotiquest.com,2026-03-19T13:46:36+00:00,accepted_contacts,
bitchinsauce.com,2026-03-20T05:03:04+00:00,accepted_contacts,
blackberrydesignsjewelry.com,2026-03-17T05:05:43+00:00,no_usable_contacts,2026-05-16T05:05:43.187817+00:00
blackpanelpress.com,2026-03-18T13:59:13+00:00,no_usable_contacts,2026-05-17T13:59:13.017621+00:00
blendbee.com,2026-03-17T05:07:20+00:00,no_usable_contacts,2026-05-16T05:07:20.668354+00:00
blendiblender.com,2026-03-16T13:58:45+00:00,no_usable_contacts,2026-05-15T13:58:45.414532+00:00
bleuetgirl.com,2026-03-15T04:21:39+00:00,no_usable_contacts,2026-05-14T04:21:39.185251+00:00
blingcartel.com,2026-03-19T13:47:02+00:00,no_usable_contacts,2026-05-18T13:47:02.664858+00:00
blissinabottle.com,2026-03-19T05:09:21+00:00,no_usable_contacts,2026-05-18T05:09:21.742953+00:00
bluecutglasses.com,2026-03-18T13:58:58+00:00,no_usable_contacts,2026-05-17T13:58:58.636396+00:00
bolderplay.com,2026-03-20T13:39:12+00:00,no_usable_contacts,2026-05-19T13:39:12.961990+00:00
boldleaddesigns.com,2026-03-18T13:58:22+00:00,no_usable_contacts,2026-05-17T13:58:22.242011+00:00
botticellifoods.com,2026-03-16T13:51:31+00:00,accepted_contacts,
bouldertoolbelts.com,2026-03-17T05:06:37+00:00,no_usable_contacts,2026-05-16T05:06:37.462732+00:00
bownoflondonusa.com,2026-03-19T05:11:12+00:00,no_usable_contacts,2026-05-18T05:11:12.124615+00:00
brainjuice.me,2026-03-17T05:05:54+00:00,no_usable_contacts,2026-05-16T05:05:54.705990+00:00
bridgeandburn.com,2026-03-16T13:57:56+00:00,no_usable_contacts,2026-05-15T13:57:56.466470+00:00
brightlinkav.com,2026-03-16T13:58:36+00:00,no_usable_contacts,2026-05-15T13:58:36.784006+00:00
brooklynbotany.com,2026-03-18T13:59:07+00:00,no_usable_contacts,2026-05-17T13:59:07.835372+00:00
brooklyndelhi.com,2026-03-16T13:51:03+00:00,no_usable_contacts,2026-05-15T13:51:03.591404+00:00
brundo.com,2026-03-19T05:09:39+00:00,no_usable_contacts,2026-05-18T05:09:39.020923+00:00
brushmo.com,2026-03-17T05:07:33+00:00,no_usable_contacts,2026-05-16T05:07:33.638988+00:00
buddyleejumpropes.com,2026-03-16T13:51:25+00:00,no_usable_contacts,2026-05-15T13:51:25.832618+00:00
bullhug.com,2026-03-19T05:09:23+00:00,no_usable_contacts,2026-05-18T05:09:23.272866+00:00
bullybunches.com,2026-03-20T05:03:02+00:00,accepted_contacts,
bushbalm.com,2026-03-15T04:21:13+00:00,no_usable_contacts,2026-05-14T04:21:13.131053+00:00
california-wallpaper.com,2026-03-17T05:05:44+00:00,no_usable_contacts,2026-05-16T05:05:44.841482+00:00
calyanwaxco.com,2026-03-19T05:10:06+00:00,accepted_contacts,
camplux.com,2026-03-20T05:03:24+00:00,accepted_contacts,
canggu-home.com,2026-03-18T13:59:53+00:00,no_usable_contacts,2026-05-17T13:59:53.580188+00:00
capecandle.com,2026-03-19T05:10:52+00:00,no_usable_contacts,2026-05-18T05:10:52.125213+00:00
caraucci.com,2026-03-18T13:58:25+00:00,no_usable_contacts,2026-05-17T13:58:25.717908+00:00
casablancamarket.com,2026-03-19T05:10:23+00:00,accepted_contacts,
cascademountaintech.com,2026-03-15T04:22:40+00:00,accepted_contacts,
catfightcoffee.com,2026-03-19T13:47:16+00:00,no_usable_contacts,2026-05-18T13:47:16.926324+00:00
celestialbuddies.com,2026-03-17T05:05:50+00:00,no_usable_contacts,2026-05-16T05:05:50.135687+00:00
chanceloves.com,2026-03-16T13:58:56+00:00,no_usable_contacts,2026-05-15T13:58:56.587972+00:00
charlieandcojewelry.com,2026-03-20T13:39:01+00:00,no_usable_contacts,2026-05-19T13:39:01.994830+00:00
chelseacrew.com,2026-03-16T13:57:46+00:00,accepted_contacts,
chickapea.com,2026-03-18T13:59:43+00:00,no_usable_contacts,2026-05-17T13:59:43.911027+00:00
choosefriendship.com,2026-03-19T13:47:36+00:00,no_usable_contacts,2026-05-18T13:47:36.061868+00:00
chubuddy.com,2026-03-19T13:47:09+00:00,no_usable_contacts,2026-05-18T13:47:09.245417+00:00
ciaoimports.com,2026-03-19T13:47:13+00:00,no_usable_contacts,2026-05-18T13:47:13.854872+00:00
cielitolindomex.com,2026-03-19T05:10:39+00:00,no_usable_contacts,2026-05-18T05:10:39.737101+00:00
circuitcubes.com,2026-03-18T13:59:22+00:00,no_usable_contacts,2026-05-17T13:59:22.936779+00:00
clayinmotion.com,2026-03-19T13:46:53+00:00,no_usable_contacts,2026-05-18T13:46:53.929681+00:00
clearspring.co.uk,2026-03-16T13:58:25+00:00,accepted_contacts,
clickandcarry.com,2026-03-18T05:05:10+00:00,accepted_contacts,
cliganic.com,2026-03-19T13:46:52+00:00,accepted_contacts,
clipdifferent.com,2026-03-19T05:10:28+00:00,accepted_contacts,
clothandcord.com,2026-03-18T05:04:33+00:00,no_usable_contacts,2026-05-17T05:04:33.887897+00:00
cloudybaylighting.com,2026-03-18T14:00:24+00:00,no_usable_contacts,2026-05-17T14:00:24.697591+00:00
colakicks.com,2026-03-18T14:00:04+00:00,no_usable_contacts,2026-05-17T14:00:04.837859+00:00
contourliving.com,2026-03-17T05:06:22+00:00,accepted_contacts,
coracreacrafts.com,2026-03-19T05:11:07+00:00,no_usable_contacts,2026-05-18T05:11:07.603462+00:00
coralandink.com,2026-03-19T05:09:41+00:00,no_usable_contacts,2026-05-18T05:09:41.983763+00:00
cossykids.com,2026-03-18T13:58:50+00:00,no_usable_contacts,2026-05-17T13:58:50.236108+00:00
coterieparty.com,2026-03-18T05:04:42+00:00,no_usable_contacts,2026-05-17T05:04:42.409527+00:00
counterassault.com,2026-03-15T04:22:36+00:00,no_usable_contacts,2026-05-14T04:22:36.504638+00:00
cozybluehandmade.com,2026-03-17T05:07:36+00:00,no_usable_contacts,2026-05-16T05:07:36.660980+00:00
crabbybags.com,2026-03-18T13:59:09+00:00,no_usable_contacts,2026-05-17T13:59:09.387256+00:00
craftmix.com,2026-03-18T13:59:34+00:00,no_usable_contacts,2026-05-17T13:59:34.800122+00:00
createalong.com,2026-03-19T13:46:47+00:00,no_usable_contacts,2026-05-18T13:46:47.265508+00:00
crosscutsewingco.com,2026-03-18T13:58:17+00:00,no_usable_contacts,2026-05-17T13:58:17.362883+00:00
crownjewelsandcoin.com,2026-03-16T13:58:43+00:00,no_usable_contacts,2026-05-15T13:58:43.750954+00:00
cucina-antica.com,2026-03-18T13:58:37+00:00,no_usable_contacts,2026-05-17T13:58:37.156906+00:00
culture-cross.org,2026-03-18T05:04:29+00:00,no_usable_contacts,2026-05-17T05:04:29.370965+00:00
cupidintimates.com,2026-03-18T05:04:44+00:00,accepted_contacts,
dame.com,2026-03-15T04:21:07+00:00,no_usable_contacts,2026-05-14T04:21:07.436194+00:00
dankosmayer.com,2026-03-17T05:06:07+00:00,no_usable_contacts,2026-05-16T05:06:07.740478+00:00
dannitoni.com,2026-03-19T13:47:07+00:00,no_usable_contacts,2026-05-18T13:47:07.664360+00:00
danslesac.co,2026-03-19T05:11:04+00:00,no_usable_contacts,2026-05-18T05:11:04.619145+00:00
dash-water.com,2026-03-15T04:22:18+00:00,accepted_contacts,
daybreakseaweed.com,2026-03-19T13:48:30+00:00,no_usable_contacts,2026-05-18T13:48:30.856104+00:00
dayescoffee.com,2026-03-19T13:46:31+00:00,no_usable_contacts,2026-05-18T13:46:31.286928+00:00
deadiajewelry.com,2026-03-18T14:00:20+00:00,no_usable_contacts,2026-05-17T14:00:20.017235+00:00
dearbarber.co.uk,2026-03-19T05:09:30+00:00,no_usable_contacts,2026-05-18T05:09:30.818880+00:00
decotvframes.com,2026-03-15T04:21:04+00:00,no_usable_contacts,2026-05-14T04:21:04.994046+00:00
dermaflage.com,2026-03-16T05:02:34+00:00,no_usable_contacts,2026-05-15T05:02:34.900340+00:00
dermasuri.com,2026-03-19T05:10:42+00:00,no_usable_contacts,2026-05-18T05:10:42.692704+00:00
desden.com,2026-03-16T13:58:46+00:00,no_usable_contacts,2026-05-15T13:58:46.977169+00:00
designpixie.com,2026-03-19T13:47:46+00:00,no_usable_contacts,2026-05-18T13:47:46.842724+00:00
dhosspirits.com,2026-03-17T05:06:57+00:00,no_usable_contacts,2026-05-16T05:06:57.639554+00:00
dianealber.com,2026-03-16T05:02:29+00:00,no_usable_contacts,2026-05-15T05:02:29.703260+00:00
dizzyduckdesigns.com,2026-03-17T05:06:35+00:00,no_usable_contacts,2026-05-16T05:06:35.876520+00:00
doeadeerdesign.com,2026-03-19T13:47:10+00:00,no_usable_contacts,2026-05-18T13:47:10.761528+00:00
downeaststyle.com,2026-03-15T04:21:41+00:00,no_usable_contacts,2026-05-14T04:21:41.285424+00:00
dressupamerica.com,2026-03-17T05:06:25+00:00,no_usable_contacts,2026-05-16T05:06:25.946789+00:00
drinkbiolyte.com,2026-03-16T13:51:39+00:00,accepted_contacts,
drinkparch.com,2026-03-18T14:00:44+00:00,accepted_contacts,
drinksupercoffee.com,2026-03-15T04:21:15+00:00,no_usable_contacts,2026-05-14T04:21:15.130190+00:00
dtfdallas.com,2026-03-20T13:38:31+00:00,no_usable_contacts,2026-05-19T13:38:31.228100+00:00
dyln.co,2026-03-19T13:47:34+00:00,no_usable_contacts,2026-05-18T13:47:34.453164+00:00
eatnaturalheaven.com,2026-03-20T13:38:47+00:00,accepted_contacts,
eatpre.com,2026-03-16T05:03:02+00:00,accepted_contacts,
eatresist.com,2026-03-18T14:00:27+00:00,no_usable_contacts,2026-05-17T14:00:27.947292+00:00
edifier-online.com,2026-03-15T04:21:26+00:00,no_usable_contacts,2026-05-14T04:21:26.276680+00:00
elcholoskid.com,2026-03-16T05:03:03+00:00,no_usable_contacts,2026-05-15T05:03:03.710400+00:00
elizabetta.net,2026-03-20T05:03:25+00:00,no_usable_contacts,2026-05-19T05:03:25.925632+00:00
elsenutrition.com,2026-03-20T05:03:22+00:00,accepted_contacts,
elumdesigns.com,2026-03-18T14:00:08+00:00,no_usable_contacts,2026-05-17T14:00:08.015067+00:00
embebabies.com,2026-03-18T13:59:26+00:00,no_usable_contacts,2026-05-17T13:59:26.555208+00:00
emmenyc.com,2026-03-18T13:58:48+00:00,no_usable_contacts,2026-05-17T13:58:48.706679+00:00
emptyshotgunshells.com,2026-03-19T13:47:50+00:00,no_usable_contacts,2026-05-18T13:47:50.407992+00:00
enchantedleaves.com,2026-03-19T05:10:45+00:00,no_usable_contacts,2026-05-18T05:10:45.734457+00:00
enduraflap.com,2026-03-15T04:21:53+00:00,no_usable_contacts,2026-05-14T04:21:53.185148+00:00
enjoyscout.com,2026-03-19T05:09:56+00:00,no_usable_contacts,2026-05-18T05:09:56.427859+00:00
enlivity.com,2026-03-19T05:10:18+00:00,accepted_contacts,
enzymedica.com,2026-03-15T04:22:24+00:00,accepted_contacts,
epsomit.com,2026-03-18T13:58:11+00:00,accepted_contacts,
erinmcdermott.com,2026-03-17T05:06:17+00:00,no_usable_contacts,2026-05-16T05:06:17.171201+00:00
eskerbeauty.com,2026-03-16T13:58:52+00:00,no_usable_contacts,2026-05-15T13:58:52.737269+00:00
espro.com,2026-03-15T04:22:01+00:00,no_usable_contacts,2026-05-14T04:22:01.420996+00:00
essentialoxygen.com,2026-03-17T05:06:02+00:00,accepted_contacts,
eventwristbands.com,2026-03-19T13:47:24+00:00,no_usable_contacts,2026-05-18T13:47:24.721319+00:00
everboots.com,2026-03-19T05:09:32+00:00,accepted_contacts,
everydayexplorers.co,2026-03-19T05:09:45+00:00,no_usable_contacts,2026-05-18T05:09:45.312190+00:00
evogennutrition.com,2026-03-17T05:07:17+00:00,accepted_contacts,
explorecuisine.com,2026-03-20T13:38:38+00:00,no_usable_contacts,2026-05-19T13:38:38.722816+00:00
extremedogfence.com,2026-03-17T05:06:53+00:00,no_usable_contacts,2026-05-16T05:06:53.234323+00:00
facetory.com,2026-03-19T13:48:10+00:00,no_usable_contacts,2026-05-18T13:48:10.330670+00:00
fadirtools.com,2026-03-17T05:06:06+00:00,no_usable_contacts,2026-05-16T05:06:06.066102+00:00
fahrenheitnewyork.com,2026-03-16T05:03:05+00:00,accepted_contacts,
fallingfordainty.com,2026-03-19T05:11:09+00:00,no_usable_contacts,2026-05-18T05:11:09.101868+00:00
fangirlclothing.com,2026-03-17T05:06:41+00:00,no_usable_contacts,2026-05-16T05:06:41.846363+00:00
fastachi.com,2026-03-18T13:59:02+00:00,accepted_contacts,
favorjewelry.com,2026-03-18T13:58:44+00:00,no_usable_contacts,2026-05-17T13:58:44.825449+00:00
fearlesstape.com,2026-03-18T14:00:11+00:00,no_usable_contacts,2026-05-17T14:00:11.222476+00:00
featheranddown.com,2026-03-19T13:47:23+00:00,no_usable_contacts,2026-05-18T13:47:23.325273+00:00
feosol.com,2026-03-16T13:58:35+00:00,no_usable_contacts,2026-05-15T13:58:35.168987+00:00
final-rest.com,2026-03-18T13:59:04+00:00,no_usable_contacts,2026-05-17T13:59:04.105178+00:00
flipfold.com,2026-03-17T05:05:36+00:00,accepted_contacts,
flowyline.com,2026-03-15T04:21:54+00:00,no_usable_contacts,2026-05-14T04:21:54.708278+00:00
fodzyme.com,2026-03-15T04:21:30+00:00,no_usable_contacts,2026-05-14T04:21:30.882849+00:00
fominsoap.com,2026-03-18T13:58:51+00:00,no_usable_contacts,2026-05-17T13:58:51.799456+00:00
fontanacandlecompany.com,2026-03-15T04:21:34+00:00,no_usable_contacts,2026-05-14T04:21:34.534649+00:00
footnanny.com,2026-03-18T14:00:16+00:00,no_usable_contacts,2026-05-17T14:00:16.912455+00:00
footpetals.com,2026-03-15T04:22:20+00:00,no_usable_contacts,2026-05-14T04:22:20.505000+00:00
forstrangewomen.com,2026-03-16T13:59:04+00:00,no_usable_contacts,2026-05-15T13:59:04.386171+00:00
framemytv.com,2026-03-15T04:22:02+00:00,no_usable_contacts,2026-05-14T04:22:02.890644+00:00
free2bfoods.com,2026-03-16T13:51:48+00:00,accepted_contacts,
freshfizzsodas.com,2026-03-18T05:04:36+00:00,accepted_contacts,
freshpickinsfarm.com,2026-03-18T05:05:18+00:00,no_usable_contacts,2026-05-17T05:05:18.466493+00:00
freshpickle.com,2026-03-19T05:09:20+00:00,no_usable_contacts,2026-05-18T05:09:20.197032+00:00
friendlygrains.com,2026-03-19T05:11:06+00:00,no_usable_contacts,2026-05-18T05:11:06.099079+00:00
frilliance.com,2026-03-17T05:06:12+00:00,no_usable_contacts,2026-05-16T05:06:12.562408+00:00
furzapper.com,2026-03-19T13:48:29+00:00,no_usable_contacts,2026-05-18T13:48:29.256475+00:00
gardnerswisconsincheese.com,2026-03-19T05:10:12+00:00,no_usable_contacts,2026-05-18T05:10:12.948654+00:00
gardzenonline.com,2026-03-17T05:07:15+00:00,no_usable_contacts,2026-05-16T05:07:15.545048+00:00
gartnerstudios.com,2026-03-19T05:09:34+00:00,accepted_contacts,
gentlysoap.com,2026-03-16T05:02:37+00:00,no_usable_contacts,2026-05-15T05:02:37.959357+00:00
geometricgoods.com,2026-03-19T05:11:10+00:00,no_usable_contacts,2026-05-18T05:11:10.537136+00:00
georgiagrinders.com,2026-03-18T13:58:12+00:00,no_usable_contacts,2026-05-17T13:58:12.847298+00:00
geritol.com,2026-03-16T13:57:58+00:00,no_usable_contacts,2026-05-15T13:57:58.049187+00:00
getgeko.com,2026-03-18T13:58:28+00:00,no_usable_contacts,2026-05-17T13:58:28.868769+00:00
getsidedish.com,2026-03-16T13:51:37+00:00,accepted_contacts,
gfloor.com,2026-03-16T13:51:53+00:00,no_usable_contacts,2026-05-15T13:51:53.350521+00:00
gfoats.com.au,2026-03-18T13:58:33+00:00,no_usable_contacts,2026-05-17T13:58:33.492168+00:00
giltee.com,2026-03-19T05:10:58+00:00,no_usable_contacts,2026-05-18T05:10:58.627973+00:00
gladandyoungstudio.com,2026-03-19T05:10:30+00:00,no_usable_contacts,2026-05-18T05:10:30.555238+00:00
gneissspice.com,2026-03-15T04:22:14+00:00,no_usable_contacts,2026-05-14T04:22:14.711371+00:00
goatmilksoaper.com,2026-03-18T14:00:03+00:00,no_usable_contacts,2026-05-17T14:00:03.297367+00:00
gobrixy.com,2026-03-19T13:47:54+00:00,accepted_contacts,
goldbug.com,2026-03-17T05:07:01+00:00,no_usable_contacts,2026-05-16T05:07:01.715542+00:00
good-chemistry.com,2026-03-18T05:04:37+00:00,accepted_contacts,
goodlygosh.com.au,2026-03-19T13:47:21+00:00,no_usable_contacts,2026-05-18T13:47:21.912961+00:00
goodpetstuff.com,2026-03-19T05:10:57+00:00,accepted_contacts,
gopurepod.com,2026-03-18T13:59:21+00:00,no_usable_contacts,2026-05-17T13:59:21.393046+00:00
gourmendfoods.com,2026-03-16T05:02:08+00:00,no_usable_contacts,2026-05-15T05:02:08.634830+00:00
graceeleyae.com,2026-03-19T13:47:01+00:00,no_usable_contacts,2026-05-18T13:47:01.131109+00:00
grandtongo.com,2026-03-18T14:00:09+00:00,no_usable_contacts,2026-05-17T14:00:09.622099+00:00
graphiquedefrance.com,2026-03-16T13:51:57+00:00,accepted_contacts,
grazly.co,2026-03-19T05:09:53+00:00,no_usable_contacts,2026-05-18T05:09:53.390444+00:00
greenartistdesigns.com,2026-03-19T13:48:23+00:00,no_usable_contacts,2026-05-18T13:48:23.690443+00:00
greeneryunlimited.co,2026-03-15T04:21:16+00:00,no_usable_contacts,2026-05-14T04:21:16.578651+00:00
greentopgifts.com,2026-03-18T14:00:29+00:00,no_usable_contacts,2026-05-17T14:00:29.447743+00:00
grillbots.com,2026-03-15T04:21:23+00:00,no_usable_contacts,2026-05-14T04:21:23.085979+00:00
groundluxe.com,2026-03-17T05:05:46+00:00,no_usable_contacts,2026-05-16T05:05:46.378413+00:00
gskyer.com,2026-03-18T05:04:39+00:00,no_usable_contacts,2026-05-17T05:04:39.356447+00:00
gymweed.com,2026-03-16T05:02:47+00:00,accepted_contacts,
hamama.com,2026-03-19T05:09:36+00:00,no_usable_contacts,2026-05-18T05:09:36.097994+00:00
hangthisup.com,2026-03-17T05:07:35+00:00,no_usable_contacts,2026-05-16T05:07:35.166808+00:00
happyhyggegifts.com,2026-03-15T04:21:20+00:00,no_usable_contacts,2026-05-14T04:21:20.053418+00:00
happywax.com,2026-03-15T04:21:32+00:00,no_usable_contacts,2026-05-14T04:21:32.409406+00:00
havasunutrition.com,2026-03-19T05:09:59+00:00,no_usable_contacts,2026-05-18T05:09:59.617479+00:00
healthextension.com,2026-03-18T13:59:00+00:00,accepted_contacts,
healthgardenusa.com,2026-03-19T13:48:26+00:00,accepted_contacts,
healthyhumanlife.com,2026-03-19T05:10:36+00:00,no_usable_contacts,2026-05-18T05:10:36.740248+00:00
healthyonyou.com,2026-03-19T05:10:26+00:00,no_usable_contacts,2026-05-18T05:10:26.896093+00:00
hellacocktail.co,2026-03-16T13:57:48+00:00,no_usable_contacts,2026-05-15T13:57:48.454826+00:00
highkey.com,2026-03-20T13:38:45+00:00,no_usable_contacts,2026-05-19T13:38:45.453880+00:00
hikersco.com,2026-03-17T05:07:08+00:00,accepted_contacts,
hobokenfarms.com,2026-03-19T13:47:29+00:00,accepted_contacts,
holcam.com,2026-03-17T05:05:53+00:00,no_usable_contacts,2026-05-16T05:05:53.167961+00:00
honeybunchies.com,2026-03-18T05:05:31+00:00,accepted_contacts,
hotmamasalsa.com,2026-03-18T13:59:42+00:00,no_usable_contacts,2026-05-17T13:59:42.356176+00:00
houseofandaloo.com,2026-03-19T05:10:33+00:00,no_usable_contacts,2026-05-18T05:10:33.612907+00:00
hudsonvalleyskincare.com,2026-03-19T13:48:34+00:00,no_usable_contacts,2026-05-18T13:48:34.034857+00:00
hukitchen.co.uk,2026-03-19T13:46:41+00:00,no_usable_contacts,2026-05-18T13:46:41.203984+00:00
husbandpillow.com,2026-03-19T13:47:59+00:00,no_usable_contacts,2026-05-18T13:47:59.246496+00:00
hyssopbeautyapothecary.com,2026-03-18T05:05:20+00:00,no_usable_contacts,2026-05-17T05:05:20.003964+00:00
iam8bit.com,2026-03-20T13:38:56+00:00,accepted_contacts,
indestructiblemfg.com,2026-03-18T13:58:14+00:00,no_usable_contacts,2026-05-17T13:58:14.329172+00:00
inkeeze.com,2026-03-20T13:38:40+00:00,no_usable_contacts,2026-05-19T13:38:40.238187+00:00
ironwoodgourmet.com,2026-03-17T05:07:06+00:00,no_usable_contacts,2026-05-16T05:07:06.853757+00:00
izakov.diamonds,2026-03-16T05:02:41+00:00,accepted_contacts,
jamieshelman.com,2026-03-18T13:58:40+00:00,no_usable_contacts,2026-05-17T13:58:40.256479+00:00
janegee.com,2026-03-19T05:09:43+00:00,accepted_contacts,
jaxandbones.com,2026-03-16T05:02:14+00:00,no_usable_contacts,2026-05-15T05:02:14.010315+00:00
jecabar.com,2026-03-17T05:06:04+00:00,no_usable_contacts,2026-05-16T05:06:04.463842+00:00
jenniearle.com,2026-03-16T13:58:01+00:00,no_usable_contacts,2026-05-15T13:58:01.156822+00:00
jimmybars.com,2026-03-16T05:02:49+00:00,accepted_contacts,
johnscrazysocks.com,2026-03-15T04:21:03+00:00,no_usable_contacts,2026-05-14T04:21:03.467757+00:00
jointhewildlife.com,2026-03-19T05:10:44+00:00,no_usable_contacts,2026-05-18T05:10:44.210477+00:00
joliebeauty.co.uk,2026-03-16T13:51:18+00:00,no_usable_contacts,2026-05-15T13:51:18.592209+00:00
jonesbar.com,2026-03-16T13:51:43+00:00,accepted_contacts,
juliagash.co.uk,2026-03-19T05:09:54+00:00,no_usable_contacts,2026-05-18T05:09:54.899916+00:00
kalorik.com,2026-03-16T13:59:06+00:00,accepted_contacts,
kanjam.com,2026-03-18T13:58:43+00:00,no_usable_contacts,2026-05-17T13:58:43.318496+00:00
keyirobot.com,2026-03-20T05:03:10+00:00,no_usable_contacts,2026-05-19T05:03:10.473407+00:00
keystonefarmscheese.com,2026-03-16T13:58:19+00:00,no_usable_contacts,2026-05-15T13:58:19.187579+00:00
khaomangai.com,2026-03-15T04:22:49+00:00,no_usable_contacts,2026-05-14T04:22:49.009827+00:00
kiimento.com,2026-03-18T14:00:39+00:00,no_usable_contacts,2026-05-17T14:00:39.040587+00:00
kin-kind.com,2026-03-16T13:51:24+00:00,accepted_contacts,
kloris.co,2026-03-19T05:10:21+00:00,no_usable_contacts,2026-05-18T05:10:21.884983+00:00
knafs.com,2026-03-16T13:51:13+00:00,no_usable_contacts,2026-05-15T13:51:13.777056+00:00
kojimapearl.com,2026-03-18T13:58:18+00:00,no_usable_contacts,2026-05-17T13:58:18.991303+00:00
krimsonklover.com,2026-03-16T05:02:25+00:00,accepted_contacts,
kringlecandle.com,2026-03-20T05:03:30+00:00,accepted_contacts,
kunitsa.co,2026-03-19T13:47:42+00:00,no_usable_contacts,2026-05-18T13:47:42.126918+00:00
lacebread.com,2026-03-16T13:58:54+00:00,accepted_contacts,
lainehonolulu.com,2026-03-18T14:00:32+00:00,no_usable_contacts,2026-05-17T14:00:32.464772+00:00
lajoliemuse.com,2026-03-16T13:58:58+00:00,accepted_contacts,
lambwolf.co,2026-03-18T13:58:15+00:00,no_usable_contacts,2026-05-17T13:58:15.873592+00:00
lanikaibathandbody.com,2026-03-17T05:05:57+00:00,no_usable_contacts,2026-05-16T05:05:57.778488+00:00
lasaltco.com,2026-03-18T05:04:53+00:00,accepted_contacts,
latinusbeauty.com,2026-03-16T13:58:03+00:00,accepted_contacts,
laurenjames.com,2026-03-18T13:58:47+00:00,no_usable_contacts,2026-05-17T13:58:47.245593+00:00
lavarijewelers.com,2026-03-16T05:02:51+00:00,no_usable_contacts,2026-05-15T05:02:51.208649+00:00
laviemom.com,2026-03-18T13:58:53+00:00,no_usable_contacts,2026-05-17T13:58:53.844481+00:00
lazeredge.com,2026-03-17T05:06:28+00:00,no_usable_contacts,2026-05-16T05:06:28.998599+00:00
leanbody.com,2026-03-16T05:02:43+00:00,no_usable_contacts,2026-05-15T05:02:43.702516+00:00
lemonandline.com,2026-03-18T14:00:21+00:00,no_usable_contacts,2026-05-17T14:00:21.638040+00:00
lennymud.com,2026-03-19T13:48:03+00:00,no_usable_contacts,2026-05-18T13:48:03.993323+00:00
leonlite.com,2026-03-16T05:02:15+00:00,no_usable_contacts,2026-05-15T05:02:15.547243+00:00
leospaw.com,2026-03-17T05:07:12+00:00,no_usable_contacts,2026-05-16T05:07:12.555479+00:00
leotardboutique.com,2026-03-18T05:04:30+00:00,no_usable_contacts,2026-05-17T05:04:30.973207+00:00
lhknitwear.com,2026-03-19T05:10:11+00:00,no_usable_contacts,2026-05-18T05:10:11.328889+00:00
lilyananaturals.com,2026-03-16T13:59:00+00:00,accepted_contacts,
littlechonk.com,2026-03-16T13:51:16+00:00,no_usable_contacts,2026-05-15T13:51:16.967770+00:00
littlepoppyco.com,2026-03-17T05:07:11+00:00,accepted_contacts,
littleradthings.com,2026-03-19T13:48:45+00:00,no_usable_contacts,2026-05-18T13:48:45.469684+00:00
littleredkitchenbakeshop.com,2026-03-19T05:09:28+00:00,no_usable_contacts,2026-05-18T05:09:28.992731+00:00
lobsternativityscene.com,2026-03-19T05:10:16+00:00,no_usable_contacts,2026-05-18T05:10:16.095200+00:00
lockjawcollar.com,2026-03-19T13:47:06+00:00,no_usable_contacts,2026-05-18T13:47:06.179789+00:00
loftipop.com,2026-03-19T13:47:43+00:00,no_usable_contacts,2026-05-18T13:47:43.716033+00:00
lottieandlysh.co.uk,2026-03-18T05:05:15+00:00,no_usable_contacts,2026-05-17T05:05:15.381164+00:00
loveandpebble.com,2026-03-19T05:10:47+00:00,accepted_contacts,
lovekinship.com,2026-03-15T04:22:26+00:00,accepted_contacts,
lovepampas.com,2026-03-18T13:59:31+00:00,no_usable_contacts,2026-05-17T13:59:31.713939+00:00
lovettsundries.com,2026-03-18T14:00:01+00:00,no_usable_contacts,2026-05-17T14:00:01.831489+00:00
lowacidcoffee.com,2026-03-19T13:48:40+00:00,no_usable_contacts,2026-05-18T13:48:40.237857+00:00
luckyironlife.com,2026-03-20T05:03:20+00:00,no_usable_contacts,2026-05-19T05:03:20.277248+00:00
lucuma.com,2026-03-19T05:10:55+00:00,no_usable_contacts,2026-05-18T05:10:55.107259+00:00
lukestoyfactory.com,2026-03-19T05:10:41+00:00,no_usable_contacts,2026-05-18T05:10:41.215486+00:00
luminaid.com,2026-03-15T04:21:37+00:00,no_usable_contacts,2026-05-14T04:21:37.608254+00:00
luminessbeauty.com,2026-03-17T05:06:56+00:00,no_usable_contacts,2026-05-16T05:06:56.138970+00:00
luminosityglitter.com,2026-03-16T13:58:32+00:00,no_usable_contacts,2026-05-15T13:58:32.145966+00:00
lunaandstella.com,2026-03-19T05:09:26+00:00,no_usable_contacts,2026-05-18T05:09:26.191381+00:00
lunchskins.com,2026-03-18T13:59:50+00:00,accepted_contacts,
luxedominoes.com,2026-03-18T14:00:30+00:00,no_usable_contacts,2026-05-17T14:00:30.907082+00:00
luxmiestates.com,2026-03-19T13:48:42+00:00,accepted_contacts,
macorner.co,2026-03-15T04:22:07+00:00,no_usable_contacts,2026-05-14T04:22:07.693283+00:00
mainstreetroasters.com,2026-03-17T05:06:11+00:00,no_usable_contacts,2026-05-16T05:06:11.048687+00:00
mamawunderbar.com,2026-03-16T13:51:27+00:00,no_usable_contacts,2026-05-15T13:51:27.448817+00:00
mangroomer.com,2026-03-19T05:11:03+00:00,no_usable_contacts,2026-05-18T05:11:03.084889+00:00
marblecultures.com,2026-03-18T05:04:47+00:00,no_usable_contacts,2026-05-17T05:04:47.867862+00:00
marcanthony.com,2026-03-15T04:21:59+00:00,no_usable_contacts,2026-05-14T04:21:59.802298+00:00
mareawellness.com,2026-03-19T05:11:01+00:00,no_usable_contacts,2026-05-18T05:11:01.614833+00:00
marigoldshadows.com,2026-03-19T05:11:00+00:00,no_usable_contacts,2026-05-18T05:11:00.154643+00:00
markwort.com,2026-03-18T05:04:46+00:00,accepted_contacts,
marleysmonsters.com,2026-03-17T05:06:51+00:00,no_usable_contacts,2026-05-16T05:06:51.692336+00:00
matzoproject.com,2026-03-17T05:06:18+00:00,no_usable_contacts,2026-05-16T05:06:18.685100+00:00
mavericksnacks.com,2026-03-18T05:05:25+00:00,accepted_contacts,
mavunoharvest.com,2026-03-18T13:58:31+00:00,no_usable_contacts,2026-05-17T13:58:31.928507+00:00
mayflowerwallpaper.com,2026-03-17T05:07:29+00:00,no_usable_contacts,2026-05-16T05:07:29.149751+00:00
megelin.com,2026-03-16T05:02:56+00:00,no_usable_contacts,2026-05-15T05:02:56.531539+00:00
melissashoes.com.au,2026-03-19T13:47:37+00:00,no_usable_contacts,2026-05-18T13:47:37.658364+00:00
mercadoglobal.org,2026-03-18T13:59:06+00:00,accepted_contacts,
mercatodibellina.com,2026-03-20T13:38:52+00:00,no_usable_contacts,2026-05-19T13:38:52.520776+00:00
mgnaturals.com,2026-03-18T05:05:06+00:00,no_usable_contacts,2026-05-17T05:05:06.990365+00:00
michaelgravesdesign.com,2026-03-17T05:05:51+00:00,no_usable_contacts,2026-05-16T05:05:51.641098+00:00
michellia.com,2026-03-16T13:51:05+00:00,no_usable_contacts,2026-05-15T13:51:05.240946+00:00
midwestestatebuyers.com,2026-03-19T13:47:39+00:00,no_usable_contacts,2026-05-18T13:47:39.164364+00:00
miops.com,2026-03-16T13:58:13+00:00,no_usable_contacts,2026-05-15T13:58:13.560617+00:00
mochikids.com,2026-03-18T13:59:29+00:00,no_usable_contacts,2026-05-17T13:59:29.647589+00:00
modelones.com,2026-03-15T04:21:50+00:00,no_usable_contacts,2026-05-14T04:21:50.083415+00:00
modfragrances.com,2026-03-19T13:46:44+00:00,no_usable_contacts,2026-05-18T13:46:44.242654+00:00
mollybz.com,2026-03-20T13:39:22+00:00,no_usable_contacts,2026-05-19T13:39:22.337954+00:00
monksmeadery.com,2026-03-17T05:05:56+00:00,no_usable_contacts,2026-05-16T05:05:56.161244+00:00
morganjuliadesigns.com,2026-03-16T13:51:50+00:00,no_usable_contacts,2026-05-15T13:51:50.170822+00:00
moshiqa.com,2026-03-19T05:10:35+00:00,no_usable_contacts,2026-05-18T05:10:35.247626+00:00
mosshill.net,2026-03-18T13:59:16+00:00,no_usable_contacts,2026-05-17T13:59:16.247241+00:00
mountainmoverz.com,2026-03-17T05:06:31+00:00,accepted_contacts,
muellerliving.com,2026-03-17T05:07:19+00:00,no_usable_contacts,2026-05-16T05:07:19.157228+00:00
mutantnation.com,2026-03-20T13:39:03+00:00,no_usable_contacts,2026-05-19T13:39:03.529463+00:00
myadventuretofit.com,2026-03-18T13:58:30+00:00,no_usable_contacts,2026-05-17T13:58:30.418682+00:00
myconquering.com,2026-03-15T04:21:45+00:00,no_usable_contacts,2026-05-14T04:21:45.400624+00:00
mycreativebox.com,2026-03-19T13:47:48+00:00,no_usable_contacts,2026-05-18T13:47:48.857913+00:00
mycustombobblehead.com,2026-03-19T05:10:02+00:00,no_usable_contacts,2026-05-18T05:10:02.568030+00:00
myitaliandecor.com,2026-03-20T05:03:12+00:00,no_usable_contacts,2026-05-19T05:03:12.074528+00:00
myoxcience.com,2026-03-18T13:59:19+00:00,no_usable_contacts,2026-05-17T13:59:19.805060+00:00
mysterydicegoblin.com,2026-03-15T04:22:43+00:00,no_usable_contacts,2026-05-14T04:22:43.902320+00:00
myvitalvitamins.com,2026-03-19T13:46:55+00:00,no_usable_contacts,2026-05-18T13:46:55.394354+00:00
naplessoap.com,2026-03-16T13:58:51+00:00,accepted_contacts,
naturespell.co.uk,2026-03-18T13:59:18+00:00,accepted_contacts,
navitasorganics.com,2026-03-20T05:03:08+00:00,accepted_contacts,
newageperformance.com,2026-03-19T13:46:28+00:00,no_usable_contacts,2026-05-18T13:46:28.237355+00:00
newcreationsoda.com,2026-03-17T05:06:24+00:00,no_usable_contacts,2026-05-16T05:06:24.369819+00:00
niraskin.com,2026-03-16T13:58:15+00:00,accepted_contacts,
novaceramics.co,2026-03-17T05:06:54+00:00,no_usable_contacts,2026-05-16T05:06:54.749858+00:00
nutsforcheese.com,2026-03-18T05:05:27+00:00,accepted_contacts,
nutsplusnuts.com,2026-03-19T05:10:25+00:00,no_usable_contacts,2026-05-18T05:10:25.303879+00:00
o3waterworks.com,2026-03-18T13:59:55+00:00,no_usable_contacts,2026-05-17T13:59:55.113730+00:00
oaksapparel.com,2026-03-18T14:00:15+00:00,accepted_contacts,
ocoabeauty.com,2026-03-16T13:57:50+00:00,no_usable_contacts,2026-05-15T13:57:50.537824+00:00
offcourt.com,2026-03-20T13:39:24+00:00,accepted_contacts,
oilcloth.com,2026-03-18T14:00:42+00:00,no_usable_contacts,2026-05-17T14:00:42.505374+00:00
okoliving.com,2026-03-16T13:58:23+00:00,no_usable_contacts,2026-05-15T13:58:23.051134+00:00
oldwhalingcompany.com,2026-03-15T04:22:04+00:00,no_usable_contacts,2026-05-14T04:22:04.488247+00:00
oliverpluff.com,2026-03-20T13:39:26+00:00,accepted_contacts,
olivesetal.co.uk,2026-03-19T13:47:45+00:00,no_usable_contacts,2026-05-18T13:47:45.254700+00:00
onekaelements.com,2026-03-19T05:09:46+00:00,no_usable_contacts,2026-05-18T05:09:46.894471+00:00
optimalamino.com,2026-03-18T05:04:40+00:00,no_usable_contacts,2026-05-17T05:04:40.859155+00:00
originalsprout.com,2026-03-17T05:06:39+00:00,accepted_contacts,
orlandopitaplay.com,2026-03-19T05:10:01+00:00,no_usable_contacts,2026-05-18T05:10:01.085960+00:00
ototodesign.com,2026-03-15T04:22:09+00:00,no_usable_contacts,2026-05-14T04:22:09.284604+00:00
otterwax.com,2026-03-19T05:10:50+00:00,no_usable_contacts,2026-05-18T05:10:50.688673+00:00
pacificshaving.com,2026-03-16T13:51:00+00:00,no_usable_contacts,2026-05-15T13:51:00.416710+00:00
paintedskydesigns.com,2026-03-19T13:47:57+00:00,accepted_contacts,
palestiniansoap.coop,2026-03-17T05:05:34+00:00,no_usable_contacts,2026-05-16T05:05:34.073991+00:00
palladiobeauty.com,2026-03-18T05:05:40+00:00,accepted_contacts,
papercraftworld.com,2026-03-20T13:39:09+00:00,no_usable_contacts,2026-05-19T13:39:09.351880+00:00
paperhouseproductions.com,2026-03-15T04:22:47+00:00,accepted_contacts,
parnellbeauty.com,2026-03-18T14:00:18+00:00,no_usable_contacts,2026-05-17T14:00:18.488066+00:00
pecanamilk.com,2026-03-18T05:05:38+00:00,no_usable_contacts,2026-05-17T05:05:38.059484+00:00
peopleiveloved.com,2026-03-18T05:05:03+00:00,no_usable_contacts,2026-05-17T05:05:03.894981+00:00
petersenfarm.com,2026-03-19T05:09:40+00:00,no_usable_contacts,2026-05-18T05:09:40.533074+00:00
petkit.com,2026-03-15T04:21:10+00:00,no_usable_contacts,2026-05-14T04:21:10.960229+00:00
phonerebel.com,2026-03-16T05:02:02+00:00,no_usable_contacts,2026-05-15T05:02:02.293782+00:00
picassotiles.com,2026-03-20T13:39:15+00:00,accepted_contacts,
piercedandlovely.com,2026-03-19T13:47:55+00:00,no_usable_contacts,2026-05-18T13:47:55.696021+00:00
pikkii.com,2026-03-17T05:07:05+00:00,accepted_contacts,
pinkpicassokits.com,2026-03-16T05:03:00+00:00,no_usable_contacts,2026-05-15T05:03:00.224867+00:00
pistachiofactory.com,2026-03-17T05:06:14+00:00,no_usable_contacts,2026-05-16T05:06:14.057750+00:00
pittieclothing.com,2026-03-20T13:38:36+00:00,no_usable_contacts,2026-05-19T13:38:36.637140+00:00
planet-bake.com,2026-03-19T13:47:26+00:00,no_usable_contacts,2026-05-18T13:47:26.231547+00:00
planetarydesign.com,2026-03-15T04:22:31+00:00,no_usable_contacts,2026-05-14T04:22:31.938673+00:00
planetorganic.com.au,2026-03-18T13:58:24+00:00,no_usable_contacts,2026-05-17T13:58:24.197995+00:00
pokupoku.shop,2026-03-17T05:06:50+00:00,no_usable_contacts,2026-05-16T05:06:50.140906+00:00
popdaddysnacks.com,2026-03-15T04:22:28+00:00,no_usable_contacts,2026-05-14T04:22:28.379008+00:00
popzup.com,2026-03-19T13:48:52+00:00,accepted_contacts,
portlandbeebalm.com,2026-03-17T05:06:59+00:00,accepted_contacts,
potterywithapurpose.com,2026-03-16T13:59:09+00:00,accepted_contacts,
pranko.com,2026-03-15T04:22:29+00:00,no_usable_contacts,2026-05-14T04:22:29.876395+00:00
preparedhero.com,2026-03-15T04:22:42+00:00,accepted_contacts,
prettysimplewholesale.com,2026-03-19T13:47:20+00:00,no_usable_contacts,2026-05-18T13:47:20.435366+00:00
pretzels.com,2026-03-15T04:22:45+00:00,no_usable_contacts,2026-05-14T04:22:45.415268+00:00
prohealproducts.com,2026-03-18T13:59:58+00:00,no_usable_contacts,2026-05-17T13:59:58.682803+00:00
prosupps.com,2026-03-16T05:03:11+00:00,accepted_contacts,
purelyinspired.com,2026-03-18T13:59:40+00:00,no_usable_contacts,2026-05-17T13:59:40.837118+00:00
purposejewelry.org,2026-03-17T05:07:38+00:00,no_usable_contacts,2026-05-16T05:07:38.328968+00:00
qandaskin.com,2026-03-19T13:46:48+00:00,no_usable_contacts,2026-05-18T13:46:48.790575+00:00
qhemetbiologics.com,2026-03-16T13:58:28+00:00,no_usable_contacts,2026-05-15T13:58:28.880010+00:00
rachelellen.co.uk,2026-03-19T13:47:31+00:00,no_usable_contacts,2026-05-18T13:47:31.352271+00:00
raincaper.com,2026-03-17T05:06:48+00:00,no_usable_contacts,2026-05-16T05:06:48.619398+00:00
ranavat.com,2026-03-19T05:09:48+00:00,no_usable_contacts,2026-05-18T05:09:48.939410+00:00
ravensoriginal.com,2026-03-19T13:48:22+00:00,no_usable_contacts,2026-05-18T13:48:22.165286+00:00
rawlogy.com,2026-03-18T13:59:48+00:00,no_usable_contacts,2026-05-17T13:59:48.391598+00:00
rawmanticchocolate.com,2026-03-19T05:10:38+00:00,no_usable_contacts,2026-05-18T05:10:38.299700+00:00
realeather.com,2026-03-19T13:46:34+00:00,no_usable_contacts,2026-05-18T13:46:34.393202+00:00
realsteelcenter.com,2026-03-16T13:51:41+00:00,accepted_contacts,
relayactive.com,2026-03-18T05:04:51+00:00,no_usable_contacts,2026-05-17T05:04:51.822483+00:00
reluctantthreads.com,2026-03-18T13:59:52+00:00,no_usable_contacts,2026-05-17T13:59:52.025391+00:00
republicjewelry.com,2026-03-20T13:39:10+00:00,no_usable_contacts,2026-05-19T13:39:10.917058+00:00
rhino-billiards.com,2026-03-16T13:58:48+00:00,no_usable_contacts,2026-05-15T13:58:48.993630+00:00
ricelove.com,2026-03-19T05:09:50+00:00,no_usable_contacts,2026-05-18T05:09:50.398345+00:00
righteousfelon.com,2026-03-18T14:00:13+00:00,accepted_contacts,
ripplejunction.com,2026-03-17T05:07:40+00:00,accepted_contacts,
robolink.com,2026-03-18T05:04:49+00:00,accepted_contacts,
rockymountaindog.ca,2026-03-18T05:05:08+00:00,no_usable_contacts,2026-05-17T05:05:08.946141+00:00
royalchessmall.com,2026-03-15T04:21:43+00:00,no_usable_contacts,2026-05-14T04:21:43.236099+00:00
rriveter.com,2026-03-19T05:11:14+00:00,accepted_contacts,
rubirosanyc.shop,2026-03-17T05:05:38+00:00,accepted_contacts,
rubyloo.co,2026-03-20T13:38:54+00:00,no_usable_contacts,2026-05-19T13:38:54.120395+00:00
russellandhazel.com,2026-03-17T05:06:46+00:00,no_usable_contacts,2026-05-16T05:06:46.473557+00:00
rusticstrength.com,2026-03-15T04:21:48+00:00,no_usable_contacts,2026-05-14T04:21:48.576664+00:00
ryanandrose.co,2026-03-16T13:57:59+00:00,no_usable_contacts,2026-05-15T13:57:59.628835+00:00
sahirajewelrydesign.com,2026-03-20T13:39:05+00:00,no_usable_contacts,2026-05-19T13:39:05.159095+00:00
salsaology.com,2026-03-16T05:03:07+00:00,no_usable_contacts,2026-05-15T05:03:07.370566+00:00
saltytub.com,2026-03-19T13:48:37+00:00,no_usable_contacts,2026-05-18T13:48:37.068685+00:00
sambbohoshop.com,2026-03-18T13:58:56+00:00,no_usable_contacts,2026-05-17T13:58:56.999212+00:00
samkalensky.com,2026-03-18T13:58:41+00:00,no_usable_contacts,2026-05-17T13:58:41.711448+00:00
sanabulsports.com,2026-03-15T04:21:47+00:00,no_usable_contacts,2026-05-14T04:21:47.000903+00:00
sanjuanislandseasalt.com,2026-03-17T05:07:30+00:00,no_usable_contacts,2026-05-16T05:07:30.558344+00:00
satincrystals.com,2026-03-16T05:02:22+00:00,no_usable_contacts,2026-05-15T05:02:22.854128+00:00
satyajewelry.com,2026-03-20T13:39:07+00:00,accepted_contacts,
sauceshop.co,2026-03-18T05:05:23+00:00,accepted_contacts,
scentbomb.com,2026-03-19T13:47:40+00:00,no_usable_contacts,2026-05-18T13:47:40.713269+00:00
schoolofplot.com,2026-03-19T13:47:12+00:00,no_usable_contacts,2026-05-18T13:47:12.301300+00:00
scottishbeecompany.co.uk,2026-03-18T14:00:33+00:00,no_usable_contacts,2026-05-17T14:00:33.997235+00:00
seedandshell.com,2026-03-19T13:46:29+00:00,no_usable_contacts,2026-05-18T13:46:29.832216+00:00
seekbamboo.com,2026-03-15T04:21:51+00:00,no_usable_contacts,2026-05-14T04:21:51.677415+00:00
shaperx.com,2026-03-19T13:48:50+00:00,no_usable_contacts,2026-05-18T13:48:50.260056+00:00
sheddefender.com,2026-03-16T13:51:12+00:00,no_usable_contacts,2026-05-15T13:51:12.154665+00:00
shesbirdie.com,2026-03-20T13:38:49+00:00,accepted_contacts,
shopabernathys.com,2026-03-18T14:00:40+00:00,no_usable_contacts,2026-05-17T14:00:40.480444+00:00
shopaptf.com,2026-03-19T13:47:51+00:00,no_usable_contacts,2026-05-18T13:47:51.986206+00:00
shopatlasgrey.com,2026-03-19T05:09:58+00:00,no_usable_contacts,2026-05-18T05:09:58.056001+00:00
shopbestnaturals.com,2026-03-19T05:10:08+00:00,no_usable_contacts,2026-05-18T05:10:08.229640+00:00
shopdeep.com,2026-03-19T13:48:43+00:00,no_usable_contacts,2026-05-18T13:48:43.869183+00:00
shopdiva.ca,2026-03-16T13:58:38+00:00,no_usable_contacts,2026-05-15T13:58:38.324808+00:00
shopellierose.com,2026-03-19T13:48:07+00:00,no_usable_contacts,2026-05-18T13:48:07.164662+00:00
shophiddin.com,2026-03-18T13:59:57+00:00,no_usable_contacts,2026-05-17T13:59:57.180765+00:00
shopnavybleu.com,2026-03-17T05:07:03+00:00,no_usable_contacts,2026-05-16T05:07:03.222610+00:00
shopnbgoods.com,2026-03-19T13:48:32+00:00,no_usable_contacts,2026-05-18T13:48:32.475498+00:00
shoppantryproducts.com,2026-03-18T13:59:46+00:00,no_usable_contacts,2026-05-17T13:59:46.954785+00:00
shopryanporter.com,2026-03-16T13:57:54+00:00,no_usable_contacts,2026-05-15T13:57:54.914240+00:00
shopsunnytails.com,2026-03-16T13:51:20+00:00,no_usable_contacts,2026-05-15T13:51:20.129095+00:00
shoptartbytaylor.com,2026-03-16T13:58:04+00:00,no_usable_contacts,2026-05-15T13:58:04.835780+00:00
shotridgenativeamericanart.com,2026-03-18T14:00:26+00:00,no_usable_contacts,2026-05-17T14:00:26.382248+00:00
shylero.com,2026-03-18T13:59:14+00:00,no_usable_contacts,2026-05-17T13:59:14.629294+00:00
sierrawinterjewelry.com,2026-03-18T13:59:37+00:00,no_usable_contacts,2026-05-17T13:59:37.863951+00:00
sillycowfarms.com,2026-03-16T13:51:33+00:00,no_usable_contacts,2026-05-15T13:51:33.173373+00:00
sisterbees.com,2026-03-17T05:07:27+00:00,no_usable_contacts,2026-05-16T05:07:27.673759+00:00
skotti-grill.com,2026-03-19T13:48:16+00:00,no_usable_contacts,2026-05-18T13:48:16.888801+00:00
sleepzonelife.com,2026-03-19T13:48:47+00:00,no_usable_contacts,2026-05-18T13:48:47.135480+00:00
sloosh.com,2026-03-19T05:09:24+00:00,no_usable_contacts,2026-05-18T05:09:24.670634+00:00
smudgeink.com,2026-03-16T05:02:17+00:00,no_usable_contacts,2026-05-15T05:02:17.043557+00:00
sniperskinsports.com,2026-03-17T05:07:22+00:00,no_usable_contacts,2026-05-16T05:07:22.195985+00:00
snugpak.com,2026-03-17T05:06:09+00:00,no_usable_contacts,2026-05-16T05:06:09.268464+00:00
soapandpaperfactory.com,2026-03-19T05:09:37+00:00,no_usable_contacts,2026-05-18T05:09:37.487562+00:00
sockcandy.com,2026-03-15T04:21:29+00:00,no_usable_contacts,2026-05-14T04:21:29.384528+00:00
sohandmade.com,2026-03-19T05:10:14+00:00,no_usable_contacts,2026-05-18T05:10:14.522613+00:00
solandselene.com,2026-03-19T05:10:49+00:00,no_usable_contacts,2026-05-18T05:10:49.216087+00:00
solaray.com,2026-03-15T04:21:18+00:00,no_usable_contacts,2026-05-14T04:21:18.548546+00:00
soolla.co,2026-03-17T05:06:32+00:00,no_usable_contacts,2026-05-16T05:06:32.687361+00:00
soulku.com,2026-03-16T13:51:35+00:00,accepted_contacts,
soulvationsociety.com,2026-03-16T13:58:06+00:00,no_usable_contacts,2026-05-15T13:58:06.347574+00:00
southbeachleather.com,2026-03-17T05:06:27+00:00,no_usable_contacts,2026-05-16T05:06:27.454882+00:00
southchicagopacking.com,2026-03-19T13:48:20+00:00,accepted_contacts,
southsideplants.com,2026-03-16T05:02:52+00:00,no_usable_contacts,2026-05-15T05:02:52.716126+00:00
spaceaidhome.com,2026-03-17T05:06:00+00:00,no_usable_contacts,2026-05-16T05:06:00.864944+00:00
sparknaturals.com,2026-03-19T13:48:00+00:00,no_usable_contacts,2026-05-18T13:48:00.869454+00:00
spiritswithsmoke.com,2026-03-18T13:58:55+00:00,no_usable_contacts,2026-05-17T13:58:55.404374+00:00
sprayman.co,2026-03-18T05:05:16+00:00,no_usable_contacts,2026-05-17T05:05:16.964031+00:00
sproutsofbristol.co.uk,2026-03-19T13:46:42+00:00,no_usable_contacts,2026-05-18T13:46:42.671359+00:00
squishycircuits.com,2026-03-16T05:03:08+00:00,no_usable_contacts,2026-05-15T05:03:08.895911+00:00
stagrestis.com,2026-03-20T05:03:18+00:00,accepted_contacts,
staywellkept.com,2026-03-18T05:05:34+00:00,no_usable_contacts,2026-05-17T05:05:34.941998+00:00
steelcitysalt.com,2026-03-16T13:51:10+00:00,no_usable_contacts,2026-05-15T13:51:10.592918+00:00
strandsoffaith.com,2026-03-19T05:10:04+00:00,no_usable_contacts,2026-05-18T05:10:04.116584+00:00
struesli.com,2026-03-16T13:58:12+00:00,accepted_contacts,
styleedit.com,2026-03-16T05:02:12+00:00,no_usable_contacts,2026-05-15T05:02:12.419100+00:00
sunshineglitter.com,2026-03-19T13:48:05+00:00,no_usable_contacts,2026-05-18T13:48:05.547439+00:00
superraregames.com,2026-03-15T04:21:56+00:00,no_usable_contacts,2026-05-14T04:21:56.728882+00:00
svtea.com,2026-03-15T04:22:11+00:00,no_usable_contacts,2026-05-14T04:22:11.063398+00:00
sweetgoodbyeforpets.com,2026-03-19T13:48:48+00:00,no_usable_contacts,2026-05-18T13:48:48.653181+00:00
tabeeze.com,2026-03-16T05:02:32+00:00,no_usable_contacts,2026-05-15T05:02:32.813887+00:00
takeoutorder.co,2026-03-19T13:46:59+00:00,no_usable_contacts,2026-05-18T13:46:59.119476+00:00
talikacosmetics.com,2026-03-16T13:58:33+00:00,no_usable_contacts,2026-05-15T13:58:33.651326+00:00
taylormadeorganics.com,2026-03-18T13:58:27+00:00,no_usable_contacts,2026-05-17T13:58:27.357301+00:00
teamhen.co.uk,2026-03-17T05:06:44+00:00,no_usable_contacts,2026-05-16T05:06:44.963566+00:00
teema.co,2026-03-19T05:09:18+00:00,accepted_contacts,
tenderandtruepet.com,2026-03-16T13:58:27+00:00,no_usable_contacts,2026-05-15T13:58:27.291069+00:00
terraorigin.com,2026-03-19T13:46:37+00:00,no_usable_contacts,2026-05-18T13:46:37.951259+00:00
teslong.com,2026-03-15T04:22:22+00:00,no_usable_contacts,2026-05-14T04:22:22.540652+00:00
texassaltco.com,2026-03-16T05:02:58+00:00,no_usable_contacts,2026-05-15T05:02:58.648562+00:00
textileishdesigns.com,2026-03-18T13:59:45+00:00,no_usable_contacts,2026-05-17T13:59:45.371449+00:00
theairhood.com,2026-03-16T13:58:17+00:00,no_usable_contacts,2026-05-15T13:58:17.467668+00:00
theblissfuldog.com,2026-03-20T13:39:00+00:00,accepted_contacts,
thecatisinthebox.com,2026-03-15T04:21:27+00:00,no_usable_contacts,2026-05-14T04:21:27.889587+00:00
thecoffeemonsterzco.com,2026-03-15T04:22:33+00:00,no_usable_contacts,2026-05-14T04:22:33.420163+00:00
thecrownprints.com,2026-03-19T13:48:08+00:00,no_usable_contacts,2026-05-18T13:48:08.682806+00:00
thedoublewave.com,2026-03-20T13:38:43+00:00,no_usable_contacts,2026-05-19T13:38:43.449705+00:00
thegoodbean.com,2026-03-18T05:05:29+00:00,no_usable_contacts,2026-05-17T05:05:29.269506+00:00
thegoodkitchen.com,2026-03-17T05:06:20+00:00,no_usable_contacts,2026-05-16T05:06:20.720190+00:00
thekindpet.com,2026-03-16T05:02:39+00:00,no_usable_contacts,2026-05-15T05:02:39.437420+00:00
thelastcoat.com,2026-03-19T13:46:39+00:00,no_usable_contacts,2026-05-18T13:46:39.455310+00:00
thenailest.com,2026-03-20T05:03:13+00:00,no_usable_contacts,2026-05-19T05:03:13.666120+00:00
theneighborgoods.com,2026-03-16T13:51:06+00:00,no_usable_contacts,2026-05-15T13:51:06.793426+00:00
thenewsavant.com,2026-03-18T13:59:24+00:00,no_usable_contacts,2026-05-17T13:59:24.456568+00:00
therealdill.com,2026-03-16T05:02:45+00:00,no_usable_contacts,2026-05-15T05:02:45.304110+00:00
thesmooco.com,2026-03-16T05:02:05+00:00,no_usable_contacts,2026-05-15T05:02:05.451296+00:00
thewoolroom.com,2026-03-18T13:59:11+00:00,accepted_contacts,
theyesbar.com,2026-03-16T13:58:41+00:00,accepted_contacts,
thompsonferrier.com,2026-03-18T05:05:02+00:00,no_usable_contacts,2026-05-17T05:05:02.302457+00:00
thunderpantsusa.com,2026-03-20T13:38:41+00:00,no_usable_contacts,2026-05-19T13:38:41.825398+00:00
thunderwood.studio,2026-03-16T05:02:03+00:00,no_usable_contacts,2026-05-15T05:02:03.851639+00:00
tickledpet.com,2026-03-19T13:48:38+00:00,no_usable_contacts,2026-05-18T13:48:38.668829+00:00
tomorrowsnutrition.com,2026-03-17T05:07:32+00:00,no_usable_contacts,2026-05-16T05:07:32.085802+00:00
tonormic.com,2026-03-19T05:09:51+00:00,no_usable_contacts,2026-05-18T05:09:51.892344+00:00
topfoxx.com,2026-03-20T13:38:35+00:00,accepted_contacts,
tradlands.com,2026-03-20T13:39:19+00:00,no_usable_contacts,2026-05-19T13:39:19.279976+00:00
tribelifting.com,2026-03-18T13:59:28+00:00,no_usable_contacts,2026-05-17T13:59:28.016049+00:00
truemoringa.com,2026-03-16T13:51:55+00:00,no_usable_contacts,2026-05-15T13:51:55.396155+00:00
trueutility.com,2026-03-18T14:00:23+00:00,no_usable_contacts,2026-05-17T14:00:23.177936+00:00
truthpaste.co.uk,2026-03-18T05:04:55+00:00,no_usable_contacts,2026-05-17T05:04:55.529046+00:00
trypocari.com,2026-03-16T13:51:29+00:00,no_usable_contacts,2026-05-15T13:51:29.087000+00:00
tsprof.us,2026-03-17T05:05:59+00:00,no_usable_contacts,2026-05-16T05:05:59.421996+00:00
tuscanycandle.com,2026-03-20T13:39:20+00:00,no_usable_contacts,2026-05-19T13:39:20.842390+00:00
twiceshearedsheep.com,2026-03-16T05:02:28+00:00,no_usable_contacts,2026-05-15T05:02:28.122267+00:00
twistedpendant.com,2026-03-18T14:00:06+00:00,no_usable_contacts,2026-05-17T14:00:06.441003+00:00
tycoongames.com,2026-03-16T05:02:21+00:00,no_usable_contacts,2026-05-15T05:02:21.229805+00:00
tytusgrills.com,2026-03-18T14:00:46+00:00,accepted_contacts,
ultragameshop.com,2026-03-19T13:47:15+00:00,no_usable_contacts,2026-05-18T13:47:15.416155+00:00
umbertogiannini.com,2026-03-20T13:39:17+00:00,accepted_contacts,
unscentedco.com,2026-03-15T04:22:52+00:00,accepted_contacts,
urbapothecary.com,2026-03-18T05:05:13+00:00,no_usable_contacts,2026-05-17T05:05:13.861858+00:00
vabches.com,2026-03-19T13:48:18+00:00,no_usable_contacts,2026-05-18T13:48:18.322999+00:00
vaticpro.com,2026-03-15T04:22:34+00:00,no_usable_contacts,2026-05-14T04:22:34.991174+00:00
ventevmobility.com,2026-03-19T13:48:11+00:00,no_usable_contacts,2026-05-18T13:48:11.930754+00:00
viahart.com,2026-03-16T13:57:52+00:00,accepted_contacts,
victorallen.com,2026-03-16T13:51:02+00:00,no_usable_contacts,2026-05-15T13:51:02.058866+00:00
waltersbay.com,2026-03-19T13:46:57+00:00,accepted_contacts,
wanderlustscents.com,2026-03-19T13:47:27+00:00,no_usable_contacts,2026-05-18T13:47:27.769536+00:00
warpweftworld.com,2026-03-16T05:02:10+00:00,accepted_contacts,
waxbuffalo.com,2026-03-17T05:06:43+00:00,no_usable_contacts,2026-05-16T05:06:43.406068+00:00
waxpoeticclothing.com,2026-03-19T13:48:15+00:00,no_usable_contacts,2026-05-18T13:48:15.262929+00:00
weareplufl.com,2026-03-15T04:21:21+00:00,no_usable_contacts,2026-05-14T04:21:21.587646+00:00
weareuni.com,2026-03-15T04:22:13+00:00,accepted_contacts,
wellah.com,2026-03-19T13:48:54+00:00,accepted_contacts,
wellkeptrabbit.com,2026-03-18T05:05:12+00:00,no_usable_contacts,2026-05-17T05:05:12.344483+00:00
whatkatiedid.com,2026-03-16T13:59:02+00:00,accepted_contacts,
whiskeyrivertrading.com,2026-03-18T05:04:32+00:00,no_usable_contacts,2026-05-17T05:04:32.463440+00:00
wholisticpetorganics.com,2026-03-20T13:38:58+00:00,accepted_contacts,
wicked-good.co,2026-03-16T05:02:31+00:00,no_usable_contacts,2026-05-15T05:02:31.304186+00:00
wildandorganic.com,2026-03-19T05:10:19+00:00,no_usable_contacts,2026-05-18T05:10:19.859697+00:00
wildwanderco.com,2026-03-19T13:46:50+00:00,no_usable_contacts,2026-05-18T13:46:50.366546+00:00
winpropet.com,2026-03-16T13:51:45+00:00,accepted_contacts,
withitgear.com,2026-03-18T05:05:21+00:00,no_usable_contacts,2026-05-17T05:05:21.579282+00:00
womersleyfoods.com,2026-03-17T05:05:47+00:00,no_usable_contacts,2026-05-16T05:05:47.958533+00:00
woolbuddy.com,2026-03-20T13:38:51+00:00,no_usable_contacts,2026-05-19T13:38:51.006957+00:00
yaber.com,2026-03-16T13:58:30+00:00,no_usable_contacts,2026-05-15T13:58:30.486981+00:00
yaoaxaca.com,2026-03-17T05:05:41+00:00,no_usable_contacts,2026-05-16T05:05:41.646935+00:00
yummie.com,2026-03-19T05:11:16+00:00,accepted_contacts,
zachandzoe.co,2026-03-16T13:58:20+00:00,no_usable_contacts,2026-05-15T13:58:20.853882+00:00
zacurate.com,2026-03-18T13:58:20+00:00,no_usable_contacts,2026-05-17T13:58:20.584330+00:00
zazzybandz.com,2026-03-18T13:59:39+00:00,no_usable_contacts,2026-05-17T13:59:39.366390+00:00
zerraco.com,2026-03-19T13:46:45+00:00,no_usable_contacts,2026-05-18T13:46:45.740660+00:00
zipfizz.com,2026-03-16T13:51:09+00:00,accepted_contacts,
ziptop.com,2026-03-20T13:38:32+00:00,no_usable_contacts,2026-05-19T13:38:32.835042+00:00
zitsticka.com,2026-03-15T04:21:58+00:00,no_usable_contacts,2026-05-14T04:21:58.287659+00:00
